Run_ID,Genotype,Lecanemab_mg_kg,Cromolyn_mg_kg,Replicate,Final_Atrophy_Percent,Final_Total_Amyloid,Final_Total_Cytokine
1,APOE3,0.0,0.0,1,5.7,29.695321569987975,0.0
2,APOE3,0.0,0.0,2,4.6,27.588844440910723,3.907172052307848e-09
3,APOE3,0.0,0.0,3,5.0,28.955454173179113,0.0
4,APOE3,0.0,0.0,4,8.5,30.59207043365558,0.0
5,APOE3,0.0,0.0,5,4.5,29.224049965562624,2.2000434566562085e-33
6,APOE3,0.0,25.0,1,5.7,29.695321569987975,0.0
7,APOE3,0.0,25.0,2,4.9,27.765293678147657,7.468832918472505e-10
8,APOE3,0.0,25.0,3,5.0,28.955454173179113,0.0
9,APOE3,0.0,25.0,4,8.5,30.59207043365558,0.0
10,APOE3,0.0,25.0,5,3.0,30.714163374976483,0.0
11,APOE3,0.0,50.0,1,5.7,29.695321569987975,0.0
12,APOE3,0.0,50.0,2,5.0,28.49853344326791,0.0
13,APOE3,0.0,50.0,3,5.0,28.955454173179113,0.0
14,APOE3,0.0,50.0,4,8.5,30.59207043365558,0.0
15,APOE3,0.0,50.0,5,3.0,30.714163374976483,0.0
16,APOE3,0.0,75.0,1,5.7,29.695321569987975,0.0
17,APOE3,0.0,75.0,2,5.0,28.49853344326791,0.0
18,APOE3,0.0,75.0,3,5.0,28.955454173179113,0.0
19,APOE3,0.0,75.0,4,8.5,30.59207043365558,0.0
20,APOE3,0.0,75.0,5,3.0,30.714163374976483,0.0
21,APOE3,0.0,100.0,1,5.7,29.695321569987975,0.0
22,APOE3,0.0,100.0,2,5.0,28.49853344326791,0.0
23,APOE3,0.0,100.0,3,5.0,28.955454173179113,0.0
24,APOE3,0.0,100.0,4,8.5,30.59207043365558,0.0
25,APOE3,0.0,100.0,5,3.0,30.714163374976483,0.0
26,APOE3,2.5,0.0,1,5.7,29.695321569987975,1.6436027670899778
27,APOE3,2.5,0.0,2,10.9,27.37504711290697,1.6998039635408504
28,APOE3,2.5,0.0,3,5.6000000000000005,26.962084129556946,1.737647532277173
29,APOE3,2.5,0.0,4,15.7,28.347372798819528,1.7227329569964924
30,APOE3,2.5,0.0,5,4.7,28.28912777840099,1.6870281530331286
31,APOE3,2.5,25.0,1,5.7,29.695321569987975,1.6436027670899778
32,APOE3,2.5,25.0,2,9.3,29.64322198634264,1.6626007074770155
33,APOE3,2.5,25.0,3,5.6000000000000005,26.962084129556946,1.737647532277173
34,APOE3,2.5,25.0,4,15.5,29.408132742710087,1.705455284584165
35,APOE3,2.5,25.0,5,3.0,28.91180711764871,1.7724973950930485
36,APOE3,2.5,50.0,1,5.7,29.695321569987975,1.6436027670899778
37,APOE3,2.5,50.0,2,9.3,29.64322198634264,1.6626007074770155
38,APOE3,2.5,50.0,3,5.6000000000000005,26.962084129556946,1.737647532277173
39,APOE3,2.5,50.0,4,15.5,29.408132742710087,1.705455284584165
40,APOE3,2.5,50.0,5,3.0,28.91180711764871,1.7724973950930485
41,APOE3,2.5,75.0,1,5.7,29.695321569987975,1.6436027670899778
42,APOE3,2.5,75.0,2,9.3,29.64322198634264,1.6626007074770155
43,APOE3,2.5,75.0,3,5.6000000000000005,26.962084129556946,1.737647532277173
44,APOE3,2.5,75.0,4,15.5,29.408132742710087,1.705455284584165
45,APOE3,2.5,75.0,5,3.0,28.91180711764871,1.7724973950930485
46,APOE3,2.5,100.0,1,5.7,29.695321569987975,1.6436027670899778
47,APOE3,2.5,100.0,2,9.3,29.64322198634264,1.6626007074770155
48,APOE3,2.5,100.0,3,5.6000000000000005,26.962084129556946,1.737647532277173
49,APOE3,2.5,100.0,4,15.5,29.408132742710087,1.705455284584165
50,APOE3,2.5,100.0,5,3.0,28.91180711764871,1.7724973950930485
51,APOE3,5.0,0.0,1,4.5,28.119152384393246,1.6610759647766642
52,APOE3,5.0,0.0,2,11.1,28.28998578225783,1.6646728502967902
53,APOE3,5.0,0.0,3,5.3,28.066656398645947,1.6737194308740881
54,APOE3,5.0,0.0,4,13.200000000000001,27.434197091535907,1.649452080960018
55,APOE3,5.0,0.0,5,4.5,27.880805962732424,1.6765446811245925
56,APOE3,5.0,25.0,1,4.5,28.119152384393246,1.6610759647766642
57,APOE3,5.0,25.0,2,8.7,27.302744961681224,1.6742554305532655
58,APOE3,5.0,25.0,3,5.3,28.066656398645947,1.6737194308740881
59,APOE3,5.0,25.0,4,13.200000000000001,27.434197091535907,1.649452080960018
60,APOE3,5.0,25.0,5,2.8000000000000003,28.87199694857605,1.6941596182013927
61,APOE3,5.0,50.0,1,4.5,28.119152384393246,1.6610759647766642
62,APOE3,5.0,50.0,2,8.7,27.302744961681224,1.6742554305532655
63,APOE3,5.0,50.0,3,5.3,28.066656398645947,1.6737194308740881
64,APOE3,5.0,50.0,4,13.200000000000001,27.434197091535907,1.649452080960018
65,APOE3,5.0,50.0,5,2.8000000000000003,28.87199694857605,1.6941596182013927
66,APOE3,5.0,75.0,1,4.5,28.119152384393246,1.6610759647766642
67,APOE3,5.0,75.0,2,8.7,27.302744961681224,1.6742554305532655
68,APOE3,5.0,75.0,3,5.3,28.066656398645947,1.6737194308740881
69,APOE3,5.0,75.0,4,13.200000000000001,27.434197091535907,1.649452080960018
70,APOE3,5.0,75.0,5,2.8000000000000003,28.87199694857605,1.6941596182013927
71,APOE3,5.0,100.0,1,4.5,28.119152384393246,1.6610759647766642
72,APOE3,5.0,100.0,2,8.7,27.302744961681224,1.6742554305532655
73,APOE3,5.0,100.0,3,5.3,28.066656398645947,1.6737194308740881
74,APOE3,5.0,100.0,4,13.200000000000001,27.434197091535907,1.649452080960018
75,APOE3,5.0,100.0,5,2.8000000000000003,28.87199694857605,1.6941596182013927
76,APOE3,7.5,0.0,1,4.5,28.119152384393246,1.6610759556192665
77,APOE3,7.5,0.0,2,7.7,28.627285363327577,1.6524743764426872
78,APOE3,7.5,0.0,3,6.0,29.0171549458514,1.703646165073024
79,APOE3,7.5,0.0,4,14.499999999999998,29.325787894908764,1.7050094060305803
80,APOE3,7.5,0.0,5,4.7,28.34872248458931,1.5917647105790462
81,APOE3,7.5,25.0,1,4.5,28.119152384393246,1.6610759556192665
82,APOE3,7.5,25.0,2,7.7,28.627285363327577,1.6524743764426872
83,APOE3,7.5,25.0,3,6.0,29.0171549458514,1.703646165073024
84,APOE3,7.5,25.0,4,14.499999999999998,29.325787894908764,1.7050094060305803
85,APOE3,7.5,25.0,5,2.8000000000000003,28.87199694857605,1.6941596153143113
86,APOE3,7.5,50.0,1,4.5,28.119152384393246,1.6610759556192665
87,APOE3,7.5,50.0,2,7.7,28.627285363327577,1.6524743764426872
88,APOE3,7.5,50.0,3,6.0,29.0171549458514,1.703646165073024
89,APOE3,7.5,50.0,4,14.499999999999998,29.325787894908764,1.7050094060305803
90,APOE3,7.5,50.0,5,2.8000000000000003,28.87199694857605,1.6941596153143113
91,APOE3,7.5,75.0,1,4.5,28.119152384393246,1.6610759556192665
92,APOE3,7.5,75.0,2,7.7,28.627285363327577,1.6524743764426872
93,APOE3,7.5,75.0,3,6.0,29.0171549458514,1.703646165073024
94,APOE3,7.5,75.0,4,14.499999999999998,29.325787894908764,1.7050094060305803
95,APOE3,7.5,75.0,5,2.8000000000000003,28.87199694857605,1.6941596153143113
96,APOE3,7.5,100.0,1,4.5,28.119152384393246,1.6610759556192665
97,APOE3,7.5,100.0,2,7.7,28.627285363327577,1.6524743764426872
98,APOE3,7.5,100.0,3,6.0,29.0171549458514,1.703646165073024
99,APOE3,7.5,100.0,4,14.499999999999998,29.325787894908764,1.7050094060305803
100,APOE3,7.5,100.0,5,2.8000000000000003,28.87199694857605,1.6941596153143113
101,APOE3,10.0,0.0,1,5.2,30.00903215136384,1.7027315920524337
102,APOE3,10.0,0.0,2,7.7,28.627285363327577,1.652474376344804
103,APOE3,10.0,0.0,3,6.6000000000000005,29.797362085915047,1.6833848452103797
104,APOE3,10.0,0.0,4,17.4,28.459955916285832,1.664609706325005
105,APOE3,10.0,0.0,5,4.6,26.68928403128946,1.7003130336940648
106,APOE3,10.0,25.0,1,5.2,30.00903215136384,1.7027315920524337
107,APOE3,10.0,25.0,2,7.7,28.627285363327577,1.652474376344804
108,APOE3,10.0,25.0,3,6.6000000000000005,29.797362085915047,1.6833848452103797
109,APOE3,10.0,25.0,4,17.4,28.459955916285832,1.664609706325005
110,APOE3,10.0,25.0,5,2.8000000000000003,29.379945896173368,1.671263269745345
111,APOE3,10.0,50.0,1,5.2,30.00903215136384,1.7027315920524337
112,APOE3,10.0,50.0,2,7.7,28.627285363327577,1.652474376344804
113,APOE3,10.0,50.0,3,6.6000000000000005,29.797362085915047,1.6833848452103797
114,APOE3,10.0,50.0,4,17.4,28.459955916285832,1.664609706325005
115,APOE3,10.0,50.0,5,2.8000000000000003,29.379945896173368,1.671263269745345
116,APOE3,10.0,75.0,1,5.2,30.00903215136384,1.7027315920524337
117,APOE3,10.0,75.0,2,7.7,28.627285363327577,1.652474376344804
118,APOE3,10.0,75.0,3,6.6000000000000005,29.797362085915047,1.6833848452103797
119,APOE3,10.0,75.0,4,17.4,28.459955916285832,1.664609706325005
120,APOE3,10.0,75.0,5,2.8000000000000003,29.379945896173368,1.671263269745345
121,APOE3,10.0,100.0,1,5.2,30.00903215136384,1.7027315920524337
122,APOE3,10.0,100.0,2,7.7,28.627285363327577,1.652474376344804
123,APOE3,10.0,100.0,3,6.6000000000000005,29.797362085915047,1.6833848452103797
124,APOE3,10.0,100.0,4,17.4,28.459955916285832,1.664609706325005
125,APOE3,10.0,100.0,5,2.8000000000000003,29.379945896173368,1.671263269745345
126,APOE4,0.0,0.0,1,24.4,722.1873523523609,23.737461058384202
127,APOE4,0.0,0.0,2,11.899999999999999,28.082870459154243,0.8315064556890601
128,APOE4,0.0,0.0,3,10.6,27.765898185531867,0.5881466848862953
129,APOE4,0.0,0.0,4,23.5,127.44623003788755,2.0721229238522043
130,APOE4,0.0,0.0,5,15.1,27.138505014884508,1.0957146409552962
131,APOE4,0.0,25.0,1,18.7,3082.628361307526,36.32207103791346
132,APOE4,0.0,25.0,2,100.0,160000.0,399.99999674365654
133,APOE4,0.0,25.0,3,16.0,123.73555605212472,3.7758897014568413
134,APOE4,0.0,25.0,4,100.0,159903.64959707292,397.53958286215453
135,APOE4,0.0,25.0,5,29.7,27.070548597833874,0.6022689029627243
136,APOE4,0.0,50.0,1,100.0,159798.39152210025,322.94547305290723
137,APOE4,0.0,50.0,2,41.9,517.9116490933118,9.077940243624214
138,APOE4,0.0,50.0,3,100.0,160000.0,359.9999999999174
139,APOE4,0.0,50.0,4,100.0,160000.0,359.99999999450773
140,APOE4,0.0,50.0,5,100.0,159998.68,329.4723611924359
141,APOE4,0.0,75.0,1,99.2,154869.43317754412,107.5925423760012
142,APOE4,0.0,75.0,2,30.7,29.958569646261612,0.22533150373955507
143,APOE4,0.0,75.0,3,13.8,127.78243164594029,1.737847799176456
144,APOE4,0.0,75.0,4,100.0,160000.0,327.2727272727194
145,APOE4,0.0,75.0,5,17.7,28.567325759744556,0.0001375505845933615
146,APOE4,0.0,100.0,1,18.2,124.05023988630096,0.9002468259271378
147,APOE4,0.0,100.0,2,16.3,124.2651400831738,1.5747929547566202
148,APOE4,0.0,100.0,3,100.0,158973.26520156855,195.0241769483981
149,APOE4,0.0,100.0,4,99.4,157240.9652997793,100.93532252161303
150,APOE4,0.0,100.0,5,99.8,157183.77902142645,100.23477688287062
151,APOE4,2.5,0.0,1,100.0,160000.0,449.99999044647296
152,APOE4,2.5,0.0,2,19.8,219.09033200955614,7.397270918222988
153,APOE4,2.5,0.0,3,14.399999999999999,223.20075523409244,4.297214496796184
154,APOE4,2.5,0.0,4,10.9,26.56816034572442,1.7947322359237172
155,APOE4,2.5,0.0,5,99.7,157075.07403580548,294.5615005013068
156,APOE4,2.5,25.0,1,43.4,1625.509414304068,95.3253510600573
157,APOE4,2.5,25.0,2,23.9,121.57364007335428,4.248164696915316
158,APOE4,2.5,25.0,3,11.899999999999999,224.7554733214858,9.847925356969293
159,APOE4,2.5,25.0,4,21.5,29.538481946734194,1.9041449921488658
160,APOE4,2.5,25.0,5,100.0,159971.88112718577,399.9957032503352
161,APOE4,2.5,50.0,1,84.6,95095.2919721443,122.38372471421852
162,APOE4,2.5,50.0,2,21.099999999999998,121.09576333992472,3.678805171269863
163,APOE4,2.5,50.0,3,21.7,7299.431106427241,59.57456226726412
164,APOE4,2.5,50.0,4,28.199999999999996,621.90748506315,33.14689139211545
165,APOE4,2.5,50.0,5,17.1,420.7638417467179,30.26850769607559
166,APOE4,2.5,75.0,1,100.0,160000.0,327.27268494029624
167,APOE4,2.5,75.0,2,99.8,158488.4468390682,170.26466169257344
168,APOE4,2.5,75.0,3,100.0,158724.31155126443,242.55734172750857
169,APOE4,2.5,75.0,4,18.0,27.804717738661306,1.848615794482388
170,APOE4,2.5,75.0,5,100.0,160000.0,327.27272718758365
171,APOE4,2.5,100.0,1,100.0,159309.28005882903,269.2601991400219
172,APOE4,2.5,100.0,2,100.0,160000.0,299.99999999999056
173,APOE4,2.5,100.0,3,13.5,516.945200474841,6.4178967817955375
174,APOE4,2.5,100.0,4,28.799999999999997,317.35851338662746,7.26689435405413
175,APOE4,2.5,100.0,5,14.399999999999999,28.83567890712621,2.357486224188426
176,APOE4,5.0,0.0,1,16.5,28.249060589926344,2.7725152731260856
177,APOE4,5.0,0.0,2,28.7,519.8210748729057,55.698609083305456
178,APOE4,5.0,0.0,3,17.2,216.90851494043397,9.954444543671341
179,APOE4,5.0,0.0,4,8.799999999999999,26.741129249573646,1.9564648577327666
180,APOE4,5.0,0.0,5,19.1,125.2842410304407,4.497517222405156
181,APOE4,5.0,25.0,1,41.5,217.22805124668918,10.250908985596741
182,APOE4,5.0,25.0,2,16.3,119.99557698457912,6.197728932829001
183,APOE4,5.0,25.0,3,100.0,160000.0,399.9984262697599
184,APOE4,5.0,25.0,4,30.599999999999998,517.1818621021881,21.84469948934562
185,APOE4,5.0,25.0,5,38.800000000000004,717.6871518489102,27.09013119823156
186,APOE4,5.0,50.0,1,100.0,160000.0,359.9999939255703
187,APOE4,5.0,50.0,2,11.700000000000001,125.96278612471461,3.157230373660711
188,APOE4,5.0,50.0,3,24.3,418.1862213983827,10.310063915667882
189,APOE4,5.0,50.0,4,40.6,521.4631090339373,35.43911288566257
190,APOE4,5.0,50.0,5,58.099999999999994,29150.096896107985,83.22003483081943
191,APOE4,5.0,75.0,1,33.2,619.3032485362137,29.520273781945484
192,APOE4,5.0,75.0,2,9.2,28.47272060630517,2.0495198527855383
193,APOE4,5.0,75.0,3,100.0,160000.0,327.27272727272
194,APOE4,5.0,75.0,4,100.0,160000.0,327.2727272727002
195,APOE4,5.0,75.0,5,7.1,417.3317662895583,8.410597541748297
196,APOE4,5.0,100.0,1,26.400000000000002,318.20384544976946,4.766482301622265
197,APOE4,5.0,100.0,2,28.9,717.849097394914,24.072021954323784
198,APOE4,5.0,100.0,3,100.0,160000.0,299.99999999999943
199,APOE4,5.0,100.0,4,35.4,317.4330758243633,9.468482902808045
200,APOE4,5.0,100.0,5,12.1,125.24872343274589,3.0716982807094046
201,APOE4,7.5,0.0,1,100.0,160000.0,449.99999999990746
202,APOE4,7.5,0.0,2,100.0,160000.0,449.9999999860199
203,APOE4,7.5,0.0,3,12.3,25.88768619355472,2.0787194279147982
204,APOE4,7.5,0.0,4,5.5,25.84394544727216,2.4029795009535473
205,APOE4,7.5,0.0,5,100.0,160000.0,449.9999996519675
206,APOE4,7.5,25.0,1,8.9,26.51091823342104,2.164022560650983
207,APOE4,7.5,25.0,2,100.0,160000.0,399.9999999999999
208,APOE4,7.5,25.0,3,20.1,618.3028931873778,26.413122927773532
209,APOE4,7.5,25.0,4,36.8,124.35142563432383,2.5347323714761205
210,APOE4,7.5,25.0,5,11.899999999999999,124.09582390980941,5.827467410797896
211,APOE4,7.5,50.0,1,100.0,158306.03284508924,293.21305591742754
212,APOE4,7.5,50.0,2,100.0,160000.0,359.9999999999986
213,APOE4,7.5,50.0,3,18.6,28.114216337484706,2.075522327481342
214,APOE4,7.5,50.0,4,40.1,521.2368056032594,56.42404927432978
215,APOE4,7.5,50.0,5,38.3,1318.5198022167838,29.75267573549702
216,APOE4,7.5,75.0,1,100.0,160000.0,327.27272657109626
217,APOE4,7.5,75.0,2,100.0,160000.0,327.27272727272674
218,APOE4,7.5,75.0,3,30.599999999999998,1322.4589853375728,76.01194242549377
219,APOE4,7.5,75.0,4,8.5,27.30660133633912,1.8371211538988161
220,APOE4,7.5,75.0,5,99.9,157489.86101720855,188.04961631779798
221,APOE4,7.5,100.0,1,34.8,519.2414970432619,34.044377445827486
222,APOE4,7.5,100.0,2,100.0,160000.0,299.9999999999988
223,APOE4,7.5,100.0,3,100.0,158213.72456884017,286.3586163723904
224,APOE4,7.5,100.0,4,11.3,28.64651803283362,1.84910389976733
225,APOE4,7.5,100.0,5,100.0,159063.93431592174,210.32222734593242
226,APOE4,10.0,0.0,1,100.0,159699.10716887627,417.37098711682563
227,APOE4,10.0,0.0,2,100.0,160000.0,449.99999999925444
228,APOE4,10.0,0.0,3,11.3,127.51726156633046,3.6864801150567623
229,APOE4,10.0,0.0,4,100.0,160000.0,449.99999960062314
230,APOE4,10.0,0.0,5,7.1,220.9620318235328,7.572134830254025
231,APOE4,10.0,25.0,1,11.3,26.43322750854017,1.893716766313236
232,APOE4,10.0,25.0,2,23.9,220.6612379583293,2.6535952047546285
233,APOE4,10.0,25.0,3,13.900000000000002,28.20512507312442,1.9061570437846929
234,APOE4,10.0,25.0,4,13.4,123.23777130077735,2.8564635382161505
235,APOE4,10.0,25.0,5,10.4,417.2368871400929,18.462184053282545
236,APOE4,10.0,50.0,1,8.200000000000001,27.76050253493672,1.9385126872983687
237,APOE4,10.0,50.0,2,100.0,157926.3708798922,150.80766203486797
238,APOE4,10.0,50.0,3,16.400000000000002,123.73352144203747,5.578528663271396
239,APOE4,10.0,50.0,4,11.200000000000001,27.443465473551065,1.9483104798099133
240,APOE4,10.0,50.0,5,100.0,160000.0,359.99999998500545
241,APOE4,10.0,75.0,1,9.0,27.111479554626932,1.8060239176851214
242,APOE4,10.0,75.0,2,27.700000000000003,517.6383768163643,15.880332507027244
243,APOE4,10.0,75.0,3,100.0,158720.5805314962,298.22138031248625
244,APOE4,10.0,75.0,4,7.8,28.41040177023246,2.3753392519406207
245,APOE4,10.0,75.0,5,99.9,158383.20606709356,125.20158991571117
246,APOE4,10.0,100.0,1,8.3,459.2319429768084,11.438413333987612
247,APOE4,10.0,100.0,2,19.8,28.264431507670018,1.765785167390379
248,APOE4,10.0,100.0,3,13.8,127.47220422965694,3.642565491813076
249,APOE4,10.0,100.0,4,24.2,217.5982286683729,8.454265495897971
250,APOE4,10.0,100.0,5,99.8,154949.649108867,135.96188337699473
251,TREM2 R47H,0.0,0.0,1,100.0,160000.0,449.99999999999966
252,TREM2 R47H,0.0,0.0,2,100.0,160000.0,449.9999999999997
253,TREM2 R47H,0.0,0.0,3,100.0,160000.0,449.9999999999997
254,TREM2 R47H,0.0,0.0,4,100.0,160000.0,449.9999999999998
255,TREM2 R47H,0.0,0.0,5,100.0,160000.0,449.9999999999699
256,TREM2 R47H,0.0,25.0,1,100.0,160000.0,399.99999793643536
257,TREM2 R47H,0.0,25.0,2,100.0,160000.0,399.99999999999966
258,TREM2 R47H,0.0,25.0,3,100.0,160000.0,399.9999999999998
259,TREM2 R47H,0.0,25.0,4,100.0,160000.0,399.99999999999983
260,TREM2 R47H,0.0,25.0,5,100.0,160000.0,399.9999999999998
261,TREM2 R47H,0.0,50.0,1,100.0,160000.0,359.99999999999983
262,TREM2 R47H,0.0,50.0,2,100.0,160000.0,359.99999999999983
263,TREM2 R47H,0.0,50.0,3,100.0,160000.0,359.99999999999983
264,TREM2 R47H,0.0,50.0,4,100.0,160000.0,359.9999999999999
265,TREM2 R47H,0.0,50.0,5,100.0,160000.0,359.99999999999983
266,TREM2 R47H,0.0,75.0,1,100.0,160000.0,327.2727272727269
267,TREM2 R47H,0.0,75.0,2,100.0,160000.0,327.272727272727
268,TREM2 R47H,0.0,75.0,3,100.0,160000.0,327.272727272727
269,TREM2 R47H,0.0,75.0,4,100.0,160000.0,327.272727272727
270,TREM2 R47H,0.0,75.0,5,100.0,160000.0,327.272727272727
271,TREM2 R47H,0.0,100.0,1,100.0,160000.0,300.0
272,TREM2 R47H,0.0,100.0,2,100.0,160000.0,299.9999999999999
273,TREM2 R47H,0.0,100.0,3,100.0,160000.0,299.99999999999983
274,TREM2 R47H,0.0,100.0,4,100.0,160000.0,299.9999999999998
275,TREM2 R47H,0.0,100.0,5,100.0,160000.0,299.99999999999983
276,TREM2 R47H,2.5,0.0,1,100.0,160000.0,449.99999999999966
277,TREM2 R47H,2.5,0.0,2,100.0,160000.0,449.99999999999966
278,TREM2 R47H,2.5,0.0,3,100.0,160000.0,449.9999999999997
279,TREM2 R47H,2.5,0.0,4,100.0,160000.0,449.99999999999966
280,TREM2 R47H,2.5,0.0,5,100.0,160000.0,449.99999999956526
281,TREM2 R47H,2.5,25.0,1,100.0,160000.0,399.9999999999998
282,TREM2 R47H,2.5,25.0,2,100.0,160000.0,399.9999999999998
283,TREM2 R47H,2.5,25.0,3,100.0,160000.0,399.9999999999995
284,TREM2 R47H,2.5,25.0,4,100.0,160000.0,399.99999999999966
285,TREM2 R47H,2.5,25.0,5,100.0,160000.0,399.9999999999998
286,TREM2 R47H,2.5,50.0,1,100.0,160000.0,359.9999999999999
287,TREM2 R47H,2.5,50.0,2,100.0,160000.0,359.99999999999983
288,TREM2 R47H,2.5,50.0,3,100.0,160000.0,359.9999999999999
289,TREM2 R47H,2.5,50.0,4,100.0,160000.0,359.9999999999999
290,TREM2 R47H,2.5,50.0,5,100.0,160000.0,359.99999999999943
291,TREM2 R47H,2.5,75.0,1,100.0,160000.0,327.272727272727
292,TREM2 R47H,2.5,75.0,2,100.0,160000.0,327.2727272727269
293,TREM2 R47H,2.5,75.0,3,100.0,160000.0,327.27272727272697
294,TREM2 R47H,2.5,75.0,4,100.0,160000.0,327.27272727272714
295,TREM2 R47H,2.5,75.0,5,100.0,160000.0,327.2727272727271
296,TREM2 R47H,2.5,100.0,1,100.0,160000.0,299.99999999999983
297,TREM2 R47H,2.5,100.0,2,100.0,160000.0,299.99999999999994
298,TREM2 R47H,2.5,100.0,3,100.0,160000.0,299.99999999999983
299,TREM2 R47H,2.5,100.0,4,100.0,160000.0,299.9999999999999
300,TREM2 R47H,2.5,100.0,5,100.0,160000.0,299.99999999999983
301,TREM2 R47H,5.0,0.0,1,100.0,160000.0,449.99999999723224
302,TREM2 R47H,5.0,0.0,2,100.0,160000.0,449.9999999984953
303,TREM2 R47H,5.0,0.0,3,100.0,160000.0,449.99999999808654
304,TREM2 R47H,5.0,0.0,4,100.0,160000.0,449.9999999999997
305,TREM2 R47H,5.0,0.0,5,100.0,160000.0,449.9999999998834
306,TREM2 R47H,5.0,25.0,1,100.0,160000.0,399.99999999999983
307,TREM2 R47H,5.0,25.0,2,100.0,160000.0,399.9999999999998
308,TREM2 R47H,5.0,25.0,3,100.0,160000.0,399.9999999999991
309,TREM2 R47H,5.0,25.0,4,100.0,160000.0,399.9999999999997
310,TREM2 R47H,5.0,25.0,5,100.0,160000.0,399.9999998663099
311,TREM2 R47H,5.0,50.0,1,100.0,160000.0,359.9999999999999
312,TREM2 R47H,5.0,50.0,2,100.0,160000.0,359.9999999999998
313,TREM2 R47H,5.0,50.0,3,100.0,160000.0,359.99999999999994
314,TREM2 R47H,5.0,50.0,4,100.0,160000.0,359.9999999999999
315,TREM2 R47H,5.0,50.0,5,100.0,160000.0,359.99999999999983
316,TREM2 R47H,5.0,75.0,1,100.0,160000.0,327.272727272727
317,TREM2 R47H,5.0,75.0,2,100.0,160000.0,327.272727272727
318,TREM2 R47H,5.0,75.0,3,100.0,160000.0,327.2727272727269
319,TREM2 R47H,5.0,75.0,4,100.0,160000.0,327.2727272727271
320,TREM2 R47H,5.0,75.0,5,100.0,160000.0,327.2727272727271
321,TREM2 R47H,5.0,100.0,1,100.0,160000.0,299.99999999999983
322,TREM2 R47H,5.0,100.0,2,100.0,160000.0,299.9999999999999
323,TREM2 R47H,5.0,100.0,3,100.0,160000.0,299.9999999999998
324,TREM2 R47H,5.0,100.0,4,100.0,160000.0,299.9999999999998
325,TREM2 R47H,5.0,100.0,5,100.0,160000.0,299.9999999999999
326,TREM2 R47H,7.5,0.0,1,100.0,160000.0,449.9999990195113
327,TREM2 R47H,7.5,0.0,2,100.0,160000.0,449.99999999999943
328,TREM2 R47H,7.5,0.0,3,100.0,160000.0,449.99999999977297
329,TREM2 R47H,7.5,0.0,4,100.0,160000.0,449.9999999924019
330,TREM2 R47H,7.5,0.0,5,100.0,160000.0,449.99999999997004
331,TREM2 R47H,7.5,25.0,1,100.0,160000.0,399.9998449297499
332,TREM2 R47H,7.5,25.0,2,100.0,160000.0,399.99999999999466
333,TREM2 R47H,7.5,25.0,3,100.0,160000.0,399.9999999999999
334,TREM2 R47H,7.5,25.0,4,100.0,160000.0,399.9999999999967
335,TREM2 R47H,7.5,25.0,5,100.0,160000.0,399.9999999999997
336,TREM2 R47H,7.5,50.0,1,100.0,160000.0,359.999999999994
337,TREM2 R47H,7.5,50.0,2,100.0,160000.0,359.99999999999983
338,TREM2 R47H,7.5,50.0,3,100.0,160000.0,359.999999999998
339,TREM2 R47H,7.5,50.0,4,100.0,160000.0,359.99994019645465
340,TREM2 R47H,7.5,50.0,5,100.0,160000.0,359.9999999999999
341,TREM2 R47H,7.5,75.0,1,100.0,160000.0,327.2727272726481
342,TREM2 R47H,7.5,75.0,2,100.0,160000.0,327.272727272727
343,TREM2 R47H,7.5,75.0,3,100.0,160000.0,327.27272727272697
344,TREM2 R47H,7.5,75.0,4,100.0,160000.0,327.272727272727
345,TREM2 R47H,7.5,75.0,5,100.0,160000.0,327.2727272727271
346,TREM2 R47H,7.5,100.0,1,100.0,160000.0,299.9999999999998
347,TREM2 R47H,7.5,100.0,2,100.0,160000.0,299.99999999999983
348,TREM2 R47H,7.5,100.0,3,100.0,160000.0,299.9999999999998
349,TREM2 R47H,7.5,100.0,4,100.0,160000.0,299.9999999999999
350,TREM2 R47H,7.5,100.0,5,100.0,160000.0,299.9999999999998
351,TREM2 R47H,10.0,0.0,1,100.0,160000.0,449.99999999991576
352,TREM2 R47H,10.0,0.0,2,100.0,160000.0,449.99999999999847
353,TREM2 R47H,10.0,0.0,3,100.0,160000.0,449.99999963643984
354,TREM2 R47H,10.0,0.0,4,100.0,160000.0,449.9999999998576
355,TREM2 R47H,10.0,0.0,5,100.0,160000.0,449.9999999930914
356,TREM2 R47H,10.0,25.0,1,100.0,160000.0,399.9999999999973
357,TREM2 R47H,10.0,25.0,2,100.0,160000.0,399.99999999697286
358,TREM2 R47H,10.0,25.0,3,100.0,160000.0,399.99999999999187
359,TREM2 R47H,10.0,25.0,4,100.0,160000.0,399.9999999999998
360,TREM2 R47H,10.0,25.0,5,100.0,160000.0,399.999997151037
361,TREM2 R47H,10.0,50.0,1,100.0,160000.0,359.99999999999926
362,TREM2 R47H,10.0,50.0,2,100.0,160000.0,359.9999999999998
363,TREM2 R47H,10.0,50.0,3,100.0,160000.0,359.9999999999998
364,TREM2 R47H,10.0,50.0,4,100.0,160000.0,359.99999999998573
365,TREM2 R47H,10.0,50.0,5,100.0,160000.0,359.9999999999646
366,TREM2 R47H,10.0,75.0,1,100.0,160000.0,327.2727272700469
367,TREM2 R47H,10.0,75.0,2,100.0,160000.0,327.272727272727
368,TREM2 R47H,10.0,75.0,3,100.0,160000.0,327.2727272727253
369,TREM2 R47H,10.0,75.0,4,100.0,160000.0,327.2727272727182
370,TREM2 R47H,10.0,75.0,5,100.0,160000.0,327.272727272727
371,TREM2 R47H,10.0,100.0,1,100.0,160000.0,299.9999999999999
372,TREM2 R47H,10.0,100.0,2,100.0,160000.0,299.99999999928497
373,TREM2 R47H,10.0,100.0,3,100.0,160000.0,299.9999999999982
374,TREM2 R47H,10.0,100.0,4,100.0,160000.0,299.99999999999983
375,TREM2 R47H,10.0,100.0,5,100.0,160000.0,299.9999999999999
